id,title,artistid
1,This is Amazing Grace                             ,PW  
2,Anthem                                            ,PW  
3,Living Hope                                       ,PW  
4,I Want to Know You                                ,CA  
5,Ancient of Days                                   ,CA  
6,The Love of the Father                            ,CA  
7,Yet Not I But Through Christ in Me                ,CA  
8,Christ is Mine Forevermore                        ,CA  
9,Once for All                                      ,CA  
10,Your Will Be Done                                 ,CA  
12,Blessed Assurance                                 ,CA  
13,Be Thou My Vision                                 ,AtH 
14,The Passion                                       ,H   
15,Scandal of Grace                                  ,H   
16,What a Beautiful Name it is                       ,H   
17,Another in the Fire                               ,H   
18,Cornerstone                                       ,H   
19,It is Well with My Soul                           ,H   
20,This I Believe (The Creed)                        ,H   
21,Stronger                                          ,H   
22,Who You Say I Am                                  ,H   
23,Anchor                                            ,H   
24,Saviour King                                      ,H   
25,Man of Sorrows                                    ,H   
26,There is a King                                   ,H   
27,King of Kings                                     ,H   
28,God is Able                                       ,H   
29,Crowns                                            ,H   
30,Hosanna                                           ,H   
31,Resurrender                                       ,H   
32,O Praise the Name (An√°stasis)                     ,H   
33,Broken Vessels                                    ,H   
34,Beneath the Waters                                ,H   
35,Let it Be Jesus                                   ,H   
36,Christ is Enough                                  ,H   
37,Grace So Glorious                                 ,EW  
38,Never Lost                                        ,EW  
39,Graves into Gardens                               ,EW  
40,Hallelujah Here Below                             ,EW  
41,Give us Clean Hands                               ,SS  
42,Come Thou Fount (Above All Else)                  ,SS  
43,The Lord is My Salvation                          ,SS  
44,This We Know                                      ,SS  
45,Trust You                                         ,SS  
46,All the Poor and Powerless                        ,SS  
47,Let it Be Jesus                                   ,SS  
48,Oceans                                            ,SS  
49,In Christ Alone                                   ,SS  
50,My Worth is Not in What I Own                     ,SS  
53,In Christ Alone                                   ,P   
54,Lord I Need You                                   ,P   
55,Way Maker                                         ,P   
56,More Like Jesus                                   ,P   
57,Behold the Lamb                                   ,P   
58,Build My Life                                     ,PB  
59,Run to the Father                                 ,CC  
60,Good Good Father                                  ,CT  
61,All Glory Be to Christ                            ,KK  
62,Beautiful Saviour                                 ,PS  
63,The Power of the Cross                            ,KKG 
64,Trust You                                         ,WI  
65,All the Poor and Powerless                        ,WI  
66,Reign in Us                                       ,SF  
67,Unashamed                                         ,SF  
68,How Deep the Father's Love for Us                 ,ASW 
69,Presence Power Glory                              ,CW  
70,"Jesus, Thank You                                  ",SGM 
11,Pride of a Father                                 ,CA  
51,The Lamb of God                                   ,VW  
52,Strong God                                        ,VW  
71,Draw Me Close                                     ,SS  
72,I Give You My Heart                               ,SS  
73,From the Inside Out                               ,H   
74,I Could Sing of Your Love Forever                 ,SS  
75,Clean                                             ,H   
76,Pursue / All I Need is You                        ,H   
77,Pride of a Father                                 ,H   
78,The Stand                                         ,H   
79,Grace so Glorious                                 ,EW  
80,Prince of Heaven                                  ,H   
81,There is a King                                   ,EW  
82,Whole Heart                                       ,H   
83,Hark the Herald                                   ,K   
84,Silent Night + Saviour King                       ,H   
